{
  "n_documents": 19998,
  "n_topics": 91,
  "n_outliers": 1304,
  "outlier_percentage": 6.52065206520652,
  "coherence_npmi": 0.09488302372754032,
  "topic_diversity": 0.5813186813186814,
  "silhouette_score": 0.025903405621647835,
  "lda_coherence_npmi": -0.05286403585935727,
  "per_topic_coherence": [
    0.15427721868042546,
    0.04913237074497849,
    0.023060096284959863,
    0.13952862859577214,
    0.09411188297070446,
    0.08439644993955454,
    0.0927723296760512,
    0.03163602061308674,
    0.06970398377454906,
    0.09850665229699948,
    0.043220862097698154,
    0.17563710880090633,
    0.1281189721567327,
    0.1465519837769163,
    0.03717506105412327,
    0.16846141734317813,
    0.09412734586438959,
    0.17981799515418548,
    0.1852424777585185,
    -0.012550276733949433,
    0.1489001338916421,
    0.09460052778841571,
    0.18992228007222378,
    0.22510267991278002,
    0.13978053871497997,
    0.11750112498942819,
    0.15763302346151709,
    0.04379411483185736,
    -0.007545945769768725,
    0.10082047071771252,
    0.1525440149107582,
    0.2802021160257909,
    0.12827891343938452,
    0.12035342142001243,
    0.050124176537270144,
    0.15005783493514654,
    -0.027993282402660993,
    0.09058017348184626,
    0.08548007063547612,
    0.0135325884061034,
    0.029553046385723727,
    0.013155584169840206,
    -0.03198091552362132,
    0.010941618680323699,
    0.23507485660405716,
    0.08166382671529503,
    0.12027861823755497,
    0.1495057114836978,
    0.06862060062562866,
    0.13214968617540415,
    0.15072739746601188,
    0.09402643944252202,
    -0.0026412134815931815,
    0.10850207857543068,
    0.12586017015799458,
    0.13187139281182053,
    0.1574630579595046,
    0.10980562223248289,
    0.06254631287384614,
    0.08375107285858903,
    0.10204616529931847,
    0.09644421517278706,
    0.17561207153071304,
    0.11229934952389517,
    0.14251071527451822,
    0.14426585778504247,
    0.0719193748555173,
    0.1440634860815208,
    0.15415022979235807,
    0.07665024684202167,
    0.10529678563855953,
    0.12374756004656975,
    0.08854404488808713,
    0.12490551267811667,
    0.09581471088792513,
    -0.02221025476983839,
    0.05177916335848415,
    0.11509225655016245,
    -0.02019995558990899,
    0.021707973144288996,
    0.083631720990709,
    0.039500165083811455,
    0.04753624483172996,
    0.03189247924888772,
    0.03937926347439755,
    -0.02983916077311791,
    0.017602932338814666,
    0.06172070500334366,
    0.06732456185067996,
    0.21455345299240017,
    0.08914076387416409
  ]
}